{
    "info": {
        "name": "Monolithic System API Tests",
        "schema": "https://schema.getpostman.com/json/collection/v2.1.0/collection.json"
    },
    "item": [
        {
            "name": "GET All Users",
            "request": {
                "method": "GET",
                "header": [],
                "url": {
                    "raw": "http://localhost:3000/users",
                    "protocol": "http",
                    "host": [
                        "localhost"
                    ],
                    "port": "3000",
                    "path": [
                        "users"
                    ]
                }
            },
            "response": []
        },
        {
            "name": "POST Create User",
            "request": {
                "method": "POST",
                "header": [
                    {
                        "key": "Content-Type",
                        "value": "application/json"
                    }
                ],
                "body": {
                    "mode": "raw",
                    "raw": "{\n    \"name\": \"Carlos S\\u00e1nchez\",\n    \"email\": \"carlos@example.com\"\n}"
                },
                "url": {
                    "raw": "http://localhost:3000/users",
                    "protocol": "http",
                    "host": [
                        "localhost"
                    ],
                    "port": "3000",
                    "path": [
                        "users"
                    ]
                }
            },
            "response": []
        },
        {
            "name": "PUT Update User",
            "request": {
                "method": "PUT",
                "header": [
                    {
                        "key": "Content-Type",
                        "value": "application/json"
                    }
                ],
                "body": {
                    "mode": "raw",
                    "raw": "{\n    \"name\": \"Carlos S\\u00e1nchez Actualizado\",\n    \"email\": \"carlos@example.com\"\n}"
                },
                "url": {
                    "raw": "http://localhost:3000/users/1",
                    "protocol": "http",
                    "host": [
                        "localhost"
                    ],
                    "port": "3000",
                    "path": [
                        "users",
                        "1"
                    ]
                }
            },
            "response": []
        },
        {
            "name": "DELETE User",
            "request": {
                "method": "DELETE",
                "header": [],
                "url": {
                    "raw": "http://localhost:3000/users/1",
                    "protocol": "http",
                    "host": [
                        "localhost"
                    ],
                    "port": "3000",
                    "path": [
                        "users",
                        "1"
                    ]
                }
            },
            "response": []
        },
        {
            "name": "GET All Products",
            "request": {
                "method": "GET",
                "header": [],
                "url": {
                    "raw": "http://localhost:3000/products",
                    "protocol": "http",
                    "host": [
                        "localhost"
                    ],
                    "port": "3000",
                    "path": [
                        "products"
                    ]
                }
            },
            "response": []
        },
        {
            "name": "POST Create Order",
            "request": {
                "method": "POST",
                "header": [
                    {
                        "key": "Content-Type",
                        "value": "application/json"
                    }
                ],
                "body": {
                    "mode": "raw",
                    "raw": "{\n    \"user_id\": 1,\n    \"product_id\": 1,\n    \"quantity\": 2\n}"
                },
                "url": {
                    "raw": "http://localhost:3000/orders",
                    "protocol": "http",
                    "host": [
                        "localhost"
                    ],
                    "port": "3000",
                    "path": [
                        "orders"
                    ]
                }
            },
            "response": []
        }
    ]
}